pp_id;el_MW;heat_MW;tech;method;operator;name;KnKod;KnNamn;municipality;lon;lat;node_id;vor_id;area_m2
10695828966;2.0;;wind;wind_turbine;Stora Farsnäs Drift AB;;1463;Mark;Mark;12.8413823;57.3449447;MAR1;57;909299.9336480594
10695828968;2.0;;wind;wind_turbine;;;1463;Mark;Mark;12.8614159;57.5316509;BOR5;17;272971.851215995
10695828969;2.0;;wind;wind_turbine;Stora Farsnäs Drift AB;;1463;Mark;Mark;12.8405353;57.3491062;MAR1;57;909299.9336480594
6278292547;1.0;;wind;wind_turbine;Hyssna Vind AB;;1463;Mark;Mark;12.6272006;57.5748026;MAR1;57;909299.9336480594
528968206;1.0;;hydro;;;Kungsfors kraftstation;1463;Mark;Mark;12.671357311833392;57.48621934856177;MAR1;57;909299.9336480594
1124773050;2.0;;hydro;;;Hulta kraftstation;1463;Mark;Mark;12.612568549993668;57.46772845003765;MAR1;57;909299.9336480594
9867697853;5.0;;wind;wind_turbine;Rödene Vindkraft AB;;1489;Alingsås;Alingsas;12.5002323;57.986421;ALI2;66;546048.6368274771
9867697854;5.0;;wind;wind_turbine;Rödene Vindkraft AB;;1489;Alingsås;Alingsas;12.4914468;57.9824712;ALI2;66;546048.6368274771
9867697855;5.0;;wind;wind_turbine;Rödene Vindkraft AB;;1489;Alingsås;Alingsas;12.4989984;57.9804781;ALI2;66;546048.6368274771
9867697856;5.0;;wind;wind_turbine;Rödene Vindkraft AB;;1489;Alingsås;Alingsas;12.5072747;57.9833532;ALI2;66;546048.6368274771
9867697857;5.0;;wind;wind_turbine;Rödene Vindkraft AB;;1489;Alingsås;Alingsas;12.5206558;57.9854596;ALI2;66;546048.6368274771
9867697858;5.0;;wind;wind_turbine;Rödene Vindkraft AB;;1489;Alingsås;Alingsas;12.5135146;57.980112;ALI2;66;546048.6368274771
9867697859;5.0;;wind;wind_turbine;Rödene Vindkraft AB;;1489;Alingsås;Alingsas;12.5133252;57.973922;ALI2;66;546048.6368274771
9867697860;5.0;;wind;wind_turbine;Rödene Vindkraft AB;;1489;Alingsås;Alingsas;12.4951641;57.9696391;ALI2;66;546048.6368274771
9867697861;5.0;;wind;wind_turbine;Rödene Vindkraft AB;;1489;Alingsås;Alingsas;12.5189296;57.9772481;ALI2;66;546048.6368274771
9867697862;5.0;;wind;wind_turbine;Rödene Vindkraft AB;;1489;Alingsås;Alingsas;12.5438558;57.9854639;ALI2;66;546048.6368274771
9867697863;5.0;;wind;wind_turbine;Rödene Vindkraft AB;;1489;Alingsås;Alingsas;12.5543848;57.9892247;ALI2;66;546048.6368274771
9867697852;5.0;;wind;wind_turbine;Rödene Vindkraft AB;;1489;Alingsås;Alingsas;12.5121751;57.989858;ALI2;66;546048.6368274771
9867697864;5.0;;wind;wind_turbine;Rödene Vindkraft AB;;1489;Alingsås;Alingsas;12.5508975;57.9946016;ALI2;66;546048.6368274771
85127533;37.0;140.0;"waste;biomass";;;;1490;Borås;Boras;12.928187792402182;57.729067570059655;BOR2;31;37750.68112218192
937236970;;45.0;biomass;;;;1490;Borås;Boras;12.913904391874997;57.655968833536946;BOR4;33;84636.99137941876
1167864871;1.0;;wind;wind_turbine;Ryda Vind AB;;1470;Vara;Vara;12.8996993;58.2872466;VAR1;49;1373078.5698481773
2441125211;1.0;;wind;wind_turbine;Östbäck Lantbruk I Vara AB;;1470;Vara;Vara;13.0866341;58.2070064;VAR1;49;1373078.5698481773
2441125212;2.0;;wind;wind_turbine;Längjum Kraft AB;;1470;Vara;Vara;13.1154162;58.2100842;VAR1;49;1373078.5698481773
2441125213;2.0;;wind;wind_turbine;Längjum Kraft AB;;1470;Vara;Vara;13.1119502;58.2146572;VAR1;49;1373078.5698481773
2441125216;2.0;;wind;wind_turbine;Längjum Kraft AB;;1470;Vara;Vara;13.1188446;58.2159655;VAR1;49;1373078.5698481773
3016341296;2.0;;wind;wind_turbine;Agrivind AB;;1470;Vara;Vara;12.9984591;58.2231993;VAR1;49;1373078.5698481773
3128521692;2.0;;wind;wind_turbine;Vara Blåst AB;;1470;Vara;Vara;12.9281147;58.3046858;VAR1;49;1373078.5698481773
3393652063;2.0;;wind;wind_turbine;Long Vindpark AB;;1470;Vara;Vara;12.9885979;58.2821273;VAR1;49;1373078.5698481773
3393652210;2.0;;wind;wind_turbine;Long Vindpark AB;;1470;Vara;Vara;12.9820829;58.2829953;VAR1;49;1373078.5698481773
3393652237;2.0;;wind;wind_turbine;Long Vindpark AB;;1470;Vara;Vara;12.974964;58.2839564;VAR1;49;1373078.5698481773
3400803915;2.0;;wind;wind_turbine;Ekovind AB;;1470;Vara;Vara;12.9331991;58.3086565;VAR1;49;1373078.5698481773
4059684613;2.0;;wind;wind_turbine;TL Vind AB;;1470;Vara;Vara;13.0828405;58.2270222;VAR1;49;1373078.5698481773
4059684617;2.0;;wind;wind_turbine;TL Vind AB;;1470;Vara;Vara;13.0633031;58.2317689;VAR1;49;1373078.5698481773
4070594423;2.0;;wind;wind_turbine;;;1470;Vara;Vara;13.0164784;58.2151314;VAR1;49;1373078.5698481773
4070594441;2.0;;wind;wind_turbine;Agrivind AB;;1470;Vara;Vara;13.0056363;58.2236982;VAR1;49;1373078.5698481773
4080618386;2.0;;wind;wind_turbine;Ledsjö Vind AB;;1470;Vara;Vara;13.0315757;58.2812532;VAR1;49;1373078.5698481773
4358621351;2.0;;wind;wind_turbine;Fredängen AB;Tornum;1470;Vara;Vara;13.1286134;58.301857;LID1;70;619465.0958214379
4407383167;2.0;;wind;wind_turbine;Carlssons Täckdikning AB;;1470;Vara;Vara;12.8006621;58.3228231;VAR1;49;1373078.5698481773
4407383186;2.0;;wind;wind_turbine;Glömstorps Energi AB;;1470;Vara;Vara;12.8082179;58.3231573;VAR1;49;1373078.5698481773
4407383700;2.0;;wind;wind_turbine;Gunnarstorp Vind AB;;1470;Vara;Vara;12.7895916;58.3296268;VAR1;49;1373078.5698481773
5233855402;2.0;;wind;wind_turbine;TL Vind AB;;1470;Vara;Vara;13.059126;58.2448608;VAR1;49;1373078.5698481773
10554462253;2.0;;wind;wind_turbine;Wind Farms Götaland Svealand AB;;1470;Vara;Vara;13.0810211;58.3188071;VAR1;49;1373078.5698481773
10554462254;2.0;;wind;wind_turbine;Wind Farms Götaland Svealand AB;;1470;Vara;Vara;13.0747762;58.3171591;VAR1;49;1373078.5698481773
10554462255;2.0;;wind;wind_turbine;Wind Farms Götaland Svealand AB;;1470;Vara;Vara;13.0757802;58.3207018;VAR1;49;1373078.5698481773
10554462256;2.0;;wind;wind_turbine;Wind Farms Götaland Svealand AB;;1470;Vara;Vara;13.0691343;58.3194907;VAR1;49;1373078.5698481773
10554462257;2.0;;wind;wind_turbine;Wind Farms Götaland Svealand AB;;1470;Vara;Vara;13.0701402;58.3227488;VAR1;49;1373078.5698481773
10554462258;2.0;;wind;wind_turbine;Wind Farms Götaland Svealand AB;;1470;Vara;Vara;13.0640423;58.3215935;VAR1;49;1373078.5698481773
10656361416;2.0;;wind;wind_turbine;Rockagården Vind;;1470;Vara;Vara;13.0445636;58.3060133;VAR1;49;1373078.5698481773
2094658172;2.0;;wind;wind_turbine;Lumbers Vind AB;;1470;Vara;Vara;13.2339905;58.289727;LID1;70;619465.0958214379
4358620453;2.0;;wind;wind_turbine;Erikstorp Utveckling AB;;1470;Vara;Vara;13.1327668;58.2913641;LID1;70;619465.0958214379
4358621490;1.0;;wind;wind_turbine;Wallenstam Vindkraft Gategården AB;Gategården, Bengt C;1470;Vara;Vara;13.1411289;58.3040019;LID1;70;619465.0958214379
4358621941;2.0;;wind;wind_turbine;Bystorpvind;Bystorp Vind;1470;Vara;Vara;13.1299387;58.3154383;LID1;70;619465.0958214379
4359352439;2.0;;wind;wind_turbine;Erikstorp Utveckling AB;;1470;Vara;Vara;13.1398612;58.2771691;LID1;70;619465.0958214379
4359352660;2.0;;wind;wind_turbine;Erikstorp Utveckling AB;;1470;Vara;Vara;13.1341377;58.2784049;LID1;70;619465.0958214379
4359352799;2.0;;wind;wind_turbine;Erikstorp Utveckling AB;;1470;Vara;Vara;13.1471327;58.2804011;LID1;70;619465.0958214379
4367531728;2.0;;wind;wind_turbine;Stenkulla Vind AB;;1470;Vara;Vara;13.1806586;58.3325291;LID1;70;619465.0958214379
10276217968;;12.0;biomass;combustion;;;1488;Trollhättan;Trollhattan;12.321218;58.3057793;TRO2;65;63280.59753102107
10276217969;;32.0;biomass;combustion;;;1488;Trollhättan;Trollhattan;12.3210684;58.3057161;TRO2;65;63280.59753102107
10276217970;;25.0;electric;;;;1488;Trollhättan;Trollhattan;12.3209189;58.3056529;TRO2;65;63280.59753102107
10276217971;;25.0;biofuel;combustion;;;1488;Trollhättan;Trollhattan;12.3207694;58.3055896;TRO2;65;63280.59753102107
10276217972;;25.0;biofuel;combustion;;;1488;Trollhättan;Trollhattan;12.3206198;58.3055264;TRO2;65;63280.59753102107
88144184;220.0;;hydro;;Vattenfall AB;Olidans kraftverk;1488;Trollhättan;Trollhattan;12.272662355600435;58.274999981359734;TRO1;62;203336.05374247144
88144235;170.0;;hydro;;Vattenfall AB;Hojums kraftverk;1488;Trollhättan;Trollhattan;12.278634835653166;58.28034974981374;TRO1;62;203336.05374247144
347682139;1.0;;hydro;;;Sjuntorps kraftverk;1488;Trollhättan;Trollhattan;12.220513142811013;58.19681790101676;TRO3;63;111979.04005509018
1091501713;1.0;;solar;photovoltaic;;NÄLs solpark;1488;Trollhättan;Trollhattan;12.26874742635024;58.320306738162394;TRO4;67;13541.015910905518
4356363804;2.0;;wind;wind_turbine;;;1494;Lidköping;Lidkoping;13.0553573;58.3476015;LID1;70;619465.0958214379
4356363920;2.0;;wind;wind_turbine;;;1494;Lidköping;Lidkoping;13.0496475;58.3495877;VAR1;49;1373078.5698481773
4404278095;2.0;;wind;wind_turbine;Närvind AB;;1494;Lidköping;Lidkoping;13.0215857;58.3613133;VAR1;49;1373078.5698481773
4404278214;2.0;;wind;wind_turbine;Närvind AB;;1494;Lidköping;Lidkoping;13.0168654;58.3638868;VAR1;49;1373078.5698481773
4024420010;1.0;;wind;wind_turbine;Stenbrona Vindpark AB;;1494;Lidköping;Lidkoping;13.1601677;58.3594223;LID1;70;619465.0958214379
4024420096;1.0;;wind;wind_turbine;Stenbrona Vindpark AB;;1494;Lidköping;Lidkoping;13.155231;58.3619701;LID1;70;619465.0958214379
4367531732;2.0;;wind;wind_turbine;Stenkulla Vind AB;;1494;Lidköping;Lidkoping;13.1720541;58.3325882;LID1;70;619465.0958214379
4370697068;2.0;;wind;wind_turbine;Hästhalla Wind AB;;1494;Lidköping;Lidkoping;13.1911995;58.3673372;LID1;70;619465.0958214379
4370697200;2.0;;wind;wind_turbine;Hästhalla Wind AB;;1494;Lidköping;Lidkoping;13.1858656;58.3690313;LID1;70;619465.0958214379
4370697251;2.0;;wind;wind_turbine;Hästhalla Wind AB;;1494;Lidköping;Lidkoping;13.1907621;58.3708327;LID1;70;619465.0958214379
4407383828;2.0;;wind;wind_turbine;Gunnarstorp Vind AB;;1444;Grästorp;Grastorp;12.7874295;58.3331485;VAR1;49;1373078.5698481773
4407383991;2.0;;wind;wind_turbine;Gunnarstorp Vind AB;;1444;Grästorp;Grastorp;12.7852933;58.3366563;VAR1;49;1373078.5698481773
5009814964;2.0;;wind;wind_turbine;Hyringa Vind AB;;1444;Grästorp;Grastorp;12.7768094;58.2939169;VAR1;49;1373078.5698481773
5009814965;2.0;;wind;wind_turbine;Hyringa Vind AB;;1444;Grästorp;Grastorp;12.7747599;58.289413;VAR1;49;1373078.5698481773
8087225504;2.0;;wind;wind_turbine;;;1444;Grästorp;Grastorp;12.5851424;58.3354759;VAN1;47;330703.0502205831
8087225507;2.0;;wind;wind_turbine;;;1444;Grästorp;Grastorp;12.5832066;58.3300294;VAN1;47;330703.0502205831
8090943219;2.0;;wind;wind_turbine;FloSal Vind AB;;1444;Grästorp;Grastorp;12.6250634;58.3519051;VAN1;47;330703.0502205831
8091123209;2.0;;wind;wind_turbine;FloSal Vind AB;;1444;Grästorp;Grastorp;12.6154051;58.3614205;VAN1;47;330703.0502205831
4824629670;2.0;;wind;wind_turbine;Tumleberg Vindenergi AB;;1445;Essunga;Essunga;12.8280374;58.1922384;VAR1;49;1373078.5698481773
4824629671;2.0;;wind;wind_turbine;Tumleberg Vindenergi AB;;1445;Essunga;Essunga;12.8304361;58.1957936;VAR1;49;1373078.5698481773
2866823159;2.0;;wind;wind_turbine;Vänervind AB;;1487;Vänersborg;Vanersborg;12.5263395;58.5331406;MEL2;50;191630.84191871816
2866823160;2.0;;wind;wind_turbine;Vänervind AB;;1487;Vänersborg;Vanersborg;12.5298099;58.5367462;MEL2;50;191630.84191871816
2866823161;2.0;;wind;wind_turbine;Vänervind AB;;1487;Vänersborg;Vanersborg;12.5226381;58.5376541;MEL2;50;191630.84191871816
3401529064;2.0;;wind;wind_turbine;Brålandatorp Vind AB;;1487;Vänersborg;Vanersborg;12.3731961;58.5772161;MEL3;51;253645.3547662617
3401529071;2.0;;wind;wind_turbine;Brålandatorp Vind AB;;1487;Vänersborg;Vanersborg;12.364724;58.5768881;MEL3;51;253645.3547662617
10884545;165.0;;hydro;run-of-the-river;Vattenfall;Vargöns kraftverk;1487;Vänersborg;Vanersborg;12.372289786971121;58.355760661702455;VAN1;47;330703.0502205831
15002238;;80.0;biomass;;Vattenfall;Önafors Värmeverk;1487;Vänersborg;Vanersborg;12.371955380630244;58.35871725882686;VAN1;47;330703.0502205831
2835691535;1.0;;wind;wind_turbine;Wallenstam Vindkraft Tängelsbol AB;;1461;Mellerud;Mellerud;12.4223295;58.5879996;MEL3;51;253645.3547662617
2835691545;1.0;;wind;wind_turbine;VT Vind AB;;1461;Mellerud;Mellerud;12.4171958;58.5911175;MEL3;51;253645.3547662617
2854028775;1.0;;wind;wind_turbine;VT Vind AB;;1461;Mellerud;Mellerud;12.3955022;58.6195742;MEL3;51;253645.3547662617
2854028777;1.0;;wind;wind_turbine;Wallenstam Vindkraft Västergården AB;;1461;Mellerud;Mellerud;12.3941296;58.6236299;MEL4;42;198139.8110777702
2854028866;2.0;;wind;wind_turbine;Dalboslättens Vind AB;;1461;Mellerud;Mellerud;12.398375;58.6524738;MEL4;42;198139.8110777702
2854028881;2.0;;wind;wind_turbine;Dalboslättens Vind AB;;1461;Mellerud;Mellerud;12.3931572;58.6568494;MEL4;42;198139.8110777702
2866823160;2.0;;wind;wind_turbine;Vänervind AB;;1461;Mellerud;Mellerud;12.5298099;58.5367462;MEL2;50;191630.84191871816
2866851114;2.0;;wind;wind_turbine;Bolstad Vind AB;;1461;Mellerud;Mellerud;12.4917121;58.5820515;MEL2;50;191630.84191871816
2866851125;2.0;;wind;wind_turbine;Bolstad Vind AB;;1461;Mellerud;Mellerud;12.4837288;58.5832842;MEL2;50;191630.84191871816
2867005330;2.0;;wind;wind_turbine;Eolus Vind AB;;1461;Mellerud;Mellerud;12.5082599;58.6051199;MEL2;50;191630.84191871816
2867005377;2.0;;wind;wind_turbine;Ugglum Drift AB;;1461;Mellerud;Mellerud;12.5073463;58.6097295;MEL2;50;191630.84191871816
2870461695;2.0;;wind;wind_turbine;Dalboslättens Vind AB;;1461;Mellerud;Mellerud;12.4284762;58.6194263;MEL3;51;253645.3547662617
2870489743;2.0;;wind;wind_turbine;Dalboslättens Vind AB;;1461;Mellerud;Mellerud;12.4403251;58.6394083;MEL4;42;198139.8110777702
2870489758;2.0;;wind;wind_turbine;Dalboslättens Vind AB;;1461;Mellerud;Mellerud;12.4323765;58.6416642;MEL4;42;198139.8110777702
3155399994;1.0;;wind;wind_turbine;Wallenstam Vindkraft Västergården AB;;1461;Mellerud;Mellerud;12.4058955;58.6201992;MEL3;51;253645.3547662617
3679543177;2.0;;wind;wind_turbine;;;1461;Mellerud;Mellerud;12.5628382;58.6028275;MEL2;50;191630.84191871816
3679543357;2.0;;wind;wind_turbine;Dalslands Vind AB;;1461;Mellerud;Mellerud;12.5677017;58.6006616;MEL2;50;191630.84191871816
3679543358;2.0;;wind;wind_turbine;Slättens Vind ek för;;1461;Mellerud;Mellerud;12.55541;58.6012316;MEL2;50;191630.84191871816
4018835487;1.0;;wind;wind_turbine;Erikstad Vind AB;;1461;Mellerud;Mellerud;12.4019404;58.6243912;MEL4;42;198139.8110777702
4086849292;2.0;;wind;wind_turbine;Bolstad Vind AB;;1461;Mellerud;Mellerud;12.4686681;58.5706607;MEL2;50;191630.84191871816
4161577780;2.0;;wind;wind_turbine;Dalboslättens Vind AB;;1461;Mellerud;Mellerud;12.5012846;58.6283097;MEL2;50;191630.84191871816
10649711560;3.0;;wind;wind_turbine;Scanergy Dalsland AB;;1461;Mellerud;Mellerud;12.3047693;58.8328864;BEN1;30;938869.124119969
10649711561;3.0;;wind;wind_turbine;Scanergy Dalsland AB;;1461;Mellerud;Mellerud;12.3035589;58.837364;BEN1;30;938869.124119969
10649711563;3.0;;wind;wind_turbine;Scanergy Dalsland AB;;1461;Mellerud;Mellerud;12.3160281;58.8359126;MEL1;28;224289.39505021065
10649711564;3.0;;wind;wind_turbine;Scanergy Dalsland AB;;1461;Mellerud;Mellerud;12.3152573;58.8308868;MEL1;28;224289.39505021065
10649711558;3.0;;wind;wind_turbine;Scanergy Dalsland AB;;1461;Mellerud;Mellerud;12.2973679;58.8408082;BEN1;30;938869.124119969
10649711559;3.0;;wind;wind_turbine;Scanergy Dalsland AB;;1461;Mellerud;Mellerud;12.3176623;58.8405099;BEN1;30;938869.124119969
10649711562;3.0;;wind;wind_turbine;Scanergy Dalsland AB;;1461;Mellerud;Mellerud;12.307575;58.8418957;BEN1;30;938869.124119969
2773717629;2.0;;wind;wind_turbine;Älvsborgsvind AB (publ);;1492;Åmål;Amal;12.5509238;59.0004609;AMA2;29;286348.24093405233
2773717762;2.0;;wind;wind_turbine;Älvsborgsvind AB (publ);;1492;Åmål;Amal;12.5506385;59.0044088;AMA2;29;286348.24093405233
11148941386;6.0;;wind;wind_turbine;European Wind Farms Kåre 1 AB;;1492;Åmål;Amal;12.565018;58.9314208;AMA2;29;286348.24093405233
11148941387;6.0;;wind;wind_turbine;European Wind Farms Kåre 1 AB;;1492;Åmål;Amal;12.5562943;58.9261986;AMA2;29;286348.24093405233
11148941388;6.0;;wind;wind_turbine;European Wind Farms Kåre 1 AB;;1492;Åmål;Amal;12.5676873;58.9275015;AMA2;29;286348.24093405233
11148941389;6.0;;wind;wind_turbine;European Wind Farms Kåre 1 AB;;1492;Åmål;Amal;12.561238;58.9222713;AMA2;29;286348.24093405233
11148941390;6.0;;wind;wind_turbine;European Wind Farms Kåre 1 AB;;1492;Åmål;Amal;12.5695116;58.9194515;AMA2;29;286348.24093405233
11148941391;6.0;;wind;wind_turbine;European Wind Farms Kåre 1 AB;;1492;Åmål;Amal;12.5606097;58.9156557;AMA2;29;286348.24093405233
1133991488;1.0;;hydro;run-of-the-river;Forsbacka Kraft AB;Hanefors kraftstation;1492;Åmål;Amal;12.60769409992334;59.08091020003169;AMA1;1;308636.8712463704
2150509275;2.0;;wind;wind_turbine;Administration Göteneporten AB;;1495;Skara;Skara;13.4850363;58.4495681;SKA1;82;267024.78384730784
2150509280;2.0;;wind;wind_turbine;Administration Göteneporten AB;;1495;Skara;Skara;13.4779636;58.4501212;SKA1;82;267024.78384730784
2150509286;2.0;;wind;wind_turbine;Administration Göteneporten AB;;1495;Skara;Skara;13.455384;58.4512887;SKA1;82;267024.78384730784
2150509304;2.0;;wind;wind_turbine;Administration Göteneporten AB;;1495;Skara;Skara;13.4620639;58.4528884;SKA1;82;267024.78384730784
2150509307;2.0;;wind;wind_turbine;Administration Göteneporten AB;;1495;Skara;Skara;13.4759499;58.4532651;SKA1;82;267024.78384730784
5730450170;2.0;;wind;wind_turbine;Driftbolaget Skånings Åsaka Vind AB;;1495;Skara;Skara;13.4938718;58.4318953;SKA1;82;267024.78384730784
5730450172;2.0;;wind;wind_turbine;Driftbolaget Skånings Åsaka Vind AB;;1495;Skara;Skara;13.5016982;58.4315852;SKA2;79;57136.35987998325
9406279554;2.0;;wind;wind_turbine;Erikstorp Vind AB;;1495;Skara;Skara;13.5428207;58.4581771;SKA3;83;135582.45605917205
9406279736;2.0;;wind;wind_turbine;Lilläng Drift AB;;1495;Skara;Skara;13.5334757;58.4543982;SKA3;83;135582.45605917205
2046076622;2.0;;wind;wind_turbine;Wallenstam Vindkraft Skogaryd AB;;1495;Skara;Skara;13.268221;58.3405764;GOT3;68;98618.79640674438
2046076624;2.0;;wind;wind_turbine;Wallenstam Vindkraft Skogaryd AB;;1495;Skara;Skara;13.2759342;58.3406069;GOT3;68;98618.79640674438
2046076625;2.0;;wind;wind_turbine;Wallenstam Vindkraft Skogaryd AB;;1495;Skara;Skara;13.2836475;58.3406532;GOT3;68;98618.79640674438
2366278784;2.0;;wind;wind_turbine;;;1495;Skara;Skara;13.3684347;58.3659111;SKA1;82;267024.78384730784
2366278788;2.0;;wind;wind_turbine;RK Vind AB;;1495;Skara;Skara;13.3751013;58.3661692;SKA1;82;267024.78384730784
2366278791;2.0;;wind;wind_turbine;;;1495;Skara;Skara;13.3618575;58.3630739;SKA1;82;267024.78384730784
3010633881;2.0;;wind;wind_turbine;Wallenstam Vindkraft Skuggetorp AB;;1495;Skara;Skara;13.2378462;58.3492897;LID1;70;619465.0958214379
3010634395;2.0;;wind;wind_turbine;Wallenstam Vindkraft Skuggetorp AB;;1495;Skara;Skara;13.2314441;58.3519362;LID1;70;619465.0958214379
3010634405;2.0;;wind;wind_turbine;Wallenstam Vindkraft Skuggetorp AB;;1495;Skara;Skara;13.2395186;58.3534541;LID1;70;619465.0958214379
3050996596;2.0;;wind;wind_turbine;Jula Logistics AB m.fl.;;1495;Skara;Skara;13.3844647;58.3899483;SKA1;82;267024.78384730784
3050996605;2.0;;wind;wind_turbine;Skövde Värmeverk AB;;1495;Skara;Skara;13.3838685;58.3934317;SKA1;82;267024.78384730784
4110574289;2.0;;wind;wind_turbine;Elvingsgården Vind AB;;1495;Skara;Skara;13.203495;58.3963355;LID1;70;619465.0958214379
4110581462;1.0;;wind;wind_turbine;;;1495;Skara;Skara;13.203348;58.3818605;LID1;70;619465.0958214379
4370697207;2.0;;wind;wind_turbine;Hästhalla Wind AB;;1495;Skara;Skara;13.1959112;58.3692316;LID1;70;619465.0958214379
4381376476;2.0;;wind;wind_turbine;Bixia Gryningsvind AB;Tagelberg 2;1495;Skara;Skara;13.2143025;58.3600534;LID1;70;619465.0958214379
4381376581;2.0;;wind;wind_turbine;Bixia Gryningsvind AB;Tagelberg 1;1495;Skara;Skara;13.2209865;58.3612503;LID1;70;619465.0958214379
4381376649;2.0;;wind;wind_turbine;Wallenstam Vindkraft Nyckeltorp AB;;1495;Skara;Skara;13.264796;58.3628366;GOT3;68;98618.79640674438
4381376681;2.0;;wind;wind_turbine;Wallenstam Vindkraft Nyckeltorp AB;;1495;Skara;Skara;13.2564106;58.3637144;GOT3;68;98618.79640674438
4381376720;2.0;;wind;wind_turbine;Wallenstam Vindkraft Nyckeltorp AB;;1495;Skara;Skara;13.2480421;58.3645135;GOT3;68;98618.79640674438
4383740905;2.0;;wind;wind_turbine;Agrivind AB;;1495;Skara;Skara;13.3064335;58.3783333;GOT3;68;98618.79640674438
4383741006;2.0;;wind;wind_turbine;Agrivind AB;;1495;Skara;Skara;13.2999192;58.3789568;GOT3;68;98618.79640674438
5730450169;2.0;;wind;wind_turbine;Driftbolaget Skånings Åsaka Vind AB;;1495;Skara;Skara;13.4877498;58.4291916;SKA1;82;267024.78384730784
11148941384;2.0;;wind;wind_turbine;Blombacka Vind AB;;1495;Skara;Skara;13.3440821;58.3408775;SKA1;82;267024.78384730784
11148941385;2.0;;wind;wind_turbine;Blombacka Vind AB;;1495;Skara;Skara;13.33854;58.3424551;SKA1;82;267024.78384730784
2150509677;2.0;;wind;wind_turbine;Götene Elförening Ek för;;1471;Götene;Gotene;13.4781796;58.4854692;GOT1;81;171170.9913832856
2150509682;2.0;;wind;wind_turbine;Stockebäck Vind AB;;1471;Götene;Gotene;13.4715676;58.4867649;GOT1;81;171170.9913832856
4311958389;2.0;;wind;wind_turbine;Ova Vind AB;;1471;Götene;Gotene;13.4141262;58.4776001;GOT2;85;120922.77152824521
4876210505;2.0;;wind;wind_turbine;Limmergårds Lantbruk AB;;1471;Götene;Gotene;13.4887807;58.5057547;GOT1;81;171170.9913832856
4880462389;2.0;;wind;wind_turbine;Roséns i Götene AB;;1471;Götene;Gotene;13.5190404;58.551776;GOT1;81;171170.9913832856
5730424056;1.0;;wind;wind_turbine;Ova Vind AB;;1471;Götene;Gotene;13.3597401;58.5040829;GOT2;85;120922.77152824521
5730450173;2.0;;wind;wind_turbine;Agrivind AB;;1471;Götene;Gotene;13.4957066;58.4796069;GOT1;81;171170.9913832856
5730450174;2.0;;wind;wind_turbine;Agrivind AB;;1471;Götene;Gotene;13.4925221;58.4688508;GOT1;81;171170.9913832856
7124157890;2.0;;wind;wind_turbine;Mariehus Fastigheter AB;;1493;Mariestad;Mariestad;13.9338455;58.7827608;MAR2;53;219370.97276555622
7124157891;2.0;;wind;wind_turbine;Öckerö Bostads AB;;1493;Mariestad;Mariestad;13.9409282;58.7783758;MAR2;53;219370.97276555622
10671238206;2.0;;wind;wind_turbine;;;1493;Mariestad;Mariestad;13.9358991;58.7873261;MAR2;53;219370.97276555622
6431460295;2.0;;wind;wind_turbine;Firma Ramström Vind AB;;1493;Mariestad;Mariestad;14.0605992;58.8623976;TOR3;18;1202644.936092754
6431460296;2.0;;wind;wind_turbine;Firma Ramström Vind AB;;1493;Mariestad;Mariestad;14.0616137;58.8572278;TOR3;18;1202644.936092754
8244013835;3.0;;wind;wind_turbine;Lyrestad Vind AB;;1493;Mariestad;Mariestad;14.0150926;58.7823446;TOR3;18;1202644.936092754
8244013866;3.0;;wind;wind_turbine;Lyrestad Vind AB;;1493;Mariestad;Mariestad;14.0317896;58.7894678;TOR3;18;1202644.936092754
8244013868;3.0;;wind;wind_turbine;Lyrestad Vind AB;;1493;Mariestad;Mariestad;14.0235518;58.7907085;TOR3;18;1202644.936092754
8244013880;3.0;;wind;wind_turbine;Lyrestad Vind AB;;1493;Mariestad;Mariestad;14.0183433;58.7734874;TOR3;18;1202644.936092754
8244013881;3.0;;wind;wind_turbine;Lyrestad Vind AB;;1493;Mariestad;Mariestad;14.0239231;58.7700337;TOR3;18;1202644.936092754
8244013915;3.0;;wind;wind_turbine;Lyrestad Vind AB;;1493;Mariestad;Mariestad;14.0056634;58.7550007;TOR3;18;1202644.936092754
8244013916;3.0;;wind;wind_turbine;Lyrestad Vind AB;;1493;Mariestad;Mariestad;14.0086716;58.7592632;TOR3;18;1202644.936092754
8244046724;3.0;;wind;wind_turbine;Lyrestad Vind AB;;1493;Mariestad;Mariestad;14.0163634;58.7570343;TOR3;18;1202644.936092754
8244046725;3.0;;wind;wind_turbine;Lyrestad Vind AB;;1493;Mariestad;Mariestad;14.0184285;58.7615429;TOR3;18;1202644.936092754
8244046727;3.0;;wind;wind_turbine;Lyrestad Vind AB;;1493;Mariestad;Mariestad;14.0108594;58.764004;TOR3;18;1202644.936092754
8244046731;3.0;;wind;wind_turbine;Lyrestad Vind AB;;1493;Mariestad;Mariestad;14.019562;58.7660124;TOR3;18;1202644.936092754
8244046742;3.0;;wind;wind_turbine;Lyrestad Vind AB;;1493;Mariestad;Mariestad;14.0276997;58.7596057;TOR3;18;1202644.936092754
8244013836;3.0;;wind;wind_turbine;Lyrestad Vind AB;;1473;Töreboda;Toreboda;14.0225538;58.786236;TOR3;18;1202644.936092754
8244013847;3.0;;wind;wind_turbine;Lyrestad Vind AB;;1473;Töreboda;Toreboda;14.0277826;58.7815647;TOR3;18;1202644.936092754
8244013848;3.0;;wind;wind_turbine;Lyrestad Vind AB;;1473;Töreboda;Toreboda;14.0405501;58.7804945;TOR3;18;1202644.936092754
8244013865;3.0;;wind;wind_turbine;Lyrestad Vind AB;;1473;Töreboda;Toreboda;14.0350551;58.7843124;TOR3;18;1202644.936092754
8244013876;3.0;;wind;wind_turbine;Lyrestad Vind AB;;1473;Töreboda;Toreboda;14.0325261;58.7779062;TOR3;18;1202644.936092754
8244013879;3.0;;wind;wind_turbine;Lyrestad Vind AB;;1473;Töreboda;Toreboda;14.0370449;58.7739246;TOR3;18;1202644.936092754
8244046732;3.0;;wind;wind_turbine;Lyrestad Vind AB;;1473;Töreboda;Toreboda;14.032449;58.7690401;TOR3;18;1202644.936092754
8244046735;3.0;;wind;wind_turbine;Lyrestad Vind AB;;1473;Töreboda;Toreboda;14.0321277;58.7647068;TOR3;18;1202644.936092754
8244046741;3.0;;wind;wind_turbine;Lyrestad Vind AB;;1473;Töreboda;Toreboda;14.0401006;58.7626698;TOR3;18;1202644.936092754
8244046746;3.0;;wind;wind_turbine;Lyrestad Vind AB;;1473;Töreboda;Toreboda;14.0443528;58.7764874;TOR3;18;1202644.936092754
2937929247;2.0;;wind;wind_turbine;Sundsholm el HB;;1499;Falköping;Falkoping;13.5606742;58.1141292;FAL2;69;529790.4609435856
3034101192;2.0;;wind;wind_turbine;Västtorp Vind AB;;1499;Falköping;Falkoping;13.2964699;58.1318598;FAL2;69;529790.4609435856
3140913131;2.0;;wind;wind_turbine;;;1499;Falköping;Falkoping;13.7052181;58.085715;TID2;71;315857.6813462633
3140913132;2.0;;wind;wind_turbine;Näs Drift AB;;1499;Falköping;Falkoping;13.6952347;58.0865388;FAL1;80;258465.24788558032
3140913133;2.0;;wind;wind_turbine;Näs Drift AB;;1499;Falköping;Falkoping;13.7055511;58.0901274;TID2;71;315857.6813462633
3324757209;2.0;;wind;wind_turbine;Göteborg Energi AB;;1499;Falköping;Falkoping;13.6961482;58.1394816;FAL1;80;258465.24788558032
3324757229;2.0;;wind;wind_turbine;Källeberg Vind AB;;1499;Falköping;Falkoping;13.7047715;58.139853;FAL1;80;258465.24788558032
3324757437;2.0;;wind;wind_turbine;Källeberg Vind AB;;1499;Falköping;Falkoping;13.6976069;58.1445365;FAL1;80;258465.24788558032
3324757438;2.0;;wind;wind_turbine;Källeberg Vind AB;;1499;Falköping;Falkoping;13.7062204;58.1446455;FAL1;80;258465.24788558032
3324757490;2.0;;wind;wind_turbine;Källeberg Vind AB;;1499;Falköping;Falkoping;13.7076549;58.1493812;FAL1;80;258465.24788558032
10665752221;3.0;;wind;wind_turbine;Erikstorp Utveckling AB;;1499;Falköping;Falkoping;13.7142415;58.1171437;TID2;71;315857.6813462633
10665752227;3.0;;wind;wind_turbine;Erikstorp Utveckling AB;;1499;Falköping;Falkoping;13.7091564;58.1122416;TID2;71;315857.6813462633
10665752214;3.0;;wind;wind_turbine;Sveriges Vindkraftkooperativ Ek för;;1499;Falköping;Falkoping;13.5848;57.9556648;ULR1;38;1185423.4090087027
10665752229;3.0;;wind;wind_turbine;Sveriges Vindkraftkooperativ Ek för;;1499;Falköping;Falkoping;13.5681276;57.9601495;ULR1;38;1185423.4090087027
3140910966;2.0;;wind;wind_turbine;GSG Drift AB;;1498;Tidaholm;Tidaholm;13.7492993;58.1172734;TID2;71;315857.6813462633
3140910967;2.0;;wind;wind_turbine;GSG Drift AB;;1498;Tidaholm;Tidaholm;13.7474522;58.1201095;TID2;71;315857.6813462633
3140910968;2.0;;wind;wind_turbine;GSG Drift AB;;1498;Tidaholm;Tidaholm;13.7456514;58.1228164;TID2;71;315857.6813462633
10665752217;3.0;;wind;wind_turbine;Vindpark Anneberg AB;;1498;Tidaholm;Tidaholm;13.790446;58.137188;TID2;71;315857.6813462633
10665752222;3.0;;wind;wind_turbine;Vindpark Anneberg AB;;1498;Tidaholm;Tidaholm;13.7959087;58.1452151;TID2;71;315857.6813462633
10665752228;3.0;;wind;wind_turbine;Vindpark Anneberg AB;;1498;Tidaholm;Tidaholm;13.7931565;58.1411952;TID2;71;315857.6813462633
10665752215;4.0;;wind;wind_turbine;EnBW Sverige Vind AB;;1498;Tidaholm;Tidaholm;14.0393412;58.0926929;TID1;91;140175.92481165432
10665752220;4.0;;wind;wind_turbine;EnBW Sverige Vind AB;;1498;Tidaholm;Tidaholm;14.0401449;58.1035555;TID3;88;21522.21722769412
10665752226;4.0;;wind;wind_turbine;EnBW Sverige Vind AB;;1498;Tidaholm;Tidaholm;14.042257;58.0986622;TID3;88;21522.21722769412
9385797195;1.0;;wind;wind_turbine;;;1496;Skövde;Skovde;13.9972661;58.6050421;TOR1;40;128850.4556225076
9385797196;1.0;;wind;wind_turbine;Sörgårdsvind AB;;1496;Skövde;Skovde;13.9945238;58.5981061;TOR1;40;128850.4556225076
6066099430;2.0;;wind;wind_turbine;Bondegärde Vindpark AB;;1491;Ulricehamn;Ulricehamn;13.4678336;57.715361;ULR1;38;1185423.4090087027
6066099431;2.0;;wind;wind_turbine;Bondegärde Vindpark AB;;1491;Ulricehamn;Ulricehamn;13.4614217;57.7129654;ULR1;38;1185423.4090087027
6066100957;2.0;;wind;wind_turbine;Bondegärde Vindpark AB;;1491;Ulricehamn;Ulricehamn;13.4553071;57.7072846;ULR1;38;1185423.4090087027
10665752218;3.0;;wind;wind_turbine;Sveriges Vindkraftkooperativ Ek för;;1491;Ulricehamn;Ulricehamn;13.5593573;57.963482;ULR1;38;1185423.4090087027
10537990510;3.0;;wind;wind_turbine;Grimsås Vindkraft AB;;1452;Tranemo;Tranemo;13.5389136;57.4473942;TRA1;39;612341.0036846006
10537990511;3.0;;wind;wind_turbine;Grimsås Vindkraft AB;;1452;Tranemo;Tranemo;13.5281472;57.4469973;TRA1;39;612341.0036846006
10537990512;3.0;;wind;wind_turbine;Grimsås Vindkraft AB;;1452;Tranemo;Tranemo;13.533011;57.4502725;TRA1;39;612341.0036846006
10537990513;3.0;;wind;wind_turbine;Grimsås Vindkraft AB;;1452;Tranemo;Tranemo;13.5252645;57.4518962;TRA1;39;612341.0036846006
10537990514;3.0;;wind;wind_turbine;Grimsås Vindkraft AB;;1452;Tranemo;Tranemo;13.5216074;57.4554354;TRA1;39;612341.0036846006
10537990515;3.0;;wind;wind_turbine;Grimsås Vindkraft AB;;1452;Tranemo;Tranemo;13.531354;57.4559196;TRA1;39;612341.0036846006
10537990516;3.0;;wind;wind_turbine;Grimsås Vindkraft AB;;1452;Tranemo;Tranemo;13.5401061;57.4534632;TRA1;39;612341.0036846006
10537990517;3.0;;wind;wind_turbine;Grimsås Vindkraft AB;;1452;Tranemo;Tranemo;13.5478136;57.4538383;TRA1;39;612341.0036846006
10537990518;3.0;;wind;wind_turbine;Grimsås Vindkraft AB;;1452;Tranemo;Tranemo;13.543792;57.4588514;TRA1;39;612341.0036846006
10537990519;3.0;;wind;wind_turbine;Grimsås Vindkraft AB;;1452;Tranemo;Tranemo;13.5520611;57.4655678;TRA1;39;612341.0036846006
10537990520;3.0;;wind;wind_turbine;Grimsås Vindkraft AB;;1452;Tranemo;Tranemo;13.5538904;57.4691327;TRA1;39;612341.0036846006
11148984509;5.0;;wind;wind_turbine;Grönhult Wind AB;;1452;Tranemo;Tranemo;13.4664554;57.382943;TRA1;39;612341.0036846006
11148984510;5.0;;wind;wind_turbine;Grönhult Wind AB;;1452;Tranemo;Tranemo;13.4558076;57.3853464;TRA1;39;612341.0036846006
11148984511;5.0;;wind;wind_turbine;Grönhult Wind AB;;1452;Tranemo;Tranemo;13.4500347;57.3892915;TRA1;39;612341.0036846006
11148984512;5.0;;wind;wind_turbine;Grönhult Wind AB;;1452;Tranemo;Tranemo;13.4517729;57.3930503;TRA1;39;612341.0036846006
11148984513;5.0;;wind;wind_turbine;Grönhult Wind AB;;1452;Tranemo;Tranemo;13.4497715;57.3817324;TRA1;39;612341.0036846006
11148984514;5.0;;wind;wind_turbine;Grönhult Wind AB;;1452;Tranemo;Tranemo;13.4410099;57.3784798;TRA1;39;612341.0036846006
11148984515;5.0;;wind;wind_turbine;Grönhult Wind AB;;1452;Tranemo;Tranemo;13.4401019;57.3826283;TRA1;39;612341.0036846006
8244013926;2.0;;wind;wind_turbine;Lilla Årås Vindpark AB;;1447;Gullspång;Gullspang;14.044524;58.9236292;TOR3;18;1202644.936092754
8244013927;2.0;;wind;wind_turbine;Lilla Årås Vindpark AB;;1447;Gullspång;Gullspang;14.0484148;58.9271693;TOR3;18;1202644.936092754
8244013928;2.0;;wind;wind_turbine;Lilla Årås Vindpark AB;;1447;Gullspång;Gullspang;14.0522098;58.9313722;TOR3;18;1202644.936092754
308802455;40.0;;hydro;run-of-the-river;Fortum;Gullspångs kraftverk;1447;Gullspång;Gullspang;14.10674265104682;58.98639890312082;TOR3;18;1202644.936092754
10665801627;2.0;;wind;wind_turbine;Brasvind AB;;1446;Karlsborg;Karlsborg;14.3462547;58.5850738;TOR3;18;1202644.936092754
10665801629;2.0;;wind;wind_turbine;Brasvind AB;;1446;Karlsborg;Karlsborg;14.3544569;58.5867289;TOR3;18;1202644.936092754
1322363471;2.0;;wind;wind_turbine;Boda Nät ek. förening;;1497;Hjo;Hjo;14.2259884;58.278903;HJO1;92;172395.52451385162
1415465919;2.0;;wind;wind_turbine;Boda Nät ek. förening;;1497;Hjo;Hjo;14.2207956;58.2802124;HJO1;92;172395.52451385162
8173987941;1.0;;wind;wind_turbine;ewz Atlantic Sverige AB;;1497;Hjo;Hjo;14.1704678;58.1375994;HJO1;92;172395.52451385162
8173987942;1.0;;wind;wind_turbine;ewz Atlantic Sverige AB;;1497;Hjo;Hjo;14.1781766;58.1389564;HJO1;92;172395.52451385162
8173987943;1.0;;wind;wind_turbine;ewz Atlantic Sverige AB;;1497;Hjo;Hjo;14.1851243;58.1397843;HJO1;92;172395.52451385162
8173987944;1.0;;wind;wind_turbine;ewz Atlantic Sverige AB;;1497;Hjo;Hjo;14.1758921;58.1427841;HJO1;92;172395.52451385162
8173987945;1.0;;wind;wind_turbine;ewz Atlantic Sverige AB;;1497;Hjo;Hjo;14.1833553;58.1439984;HJO1;92;172395.52451385162
8176969854;1.0;;wind;wind_turbine;ewz Atlantic Sverige AB;;1497;Hjo;Hjo;14.1379997;58.1572959;HJO1;92;172395.52451385162
8176969855;1.0;;wind;wind_turbine;ewz Atlantic Sverige AB;;1497;Hjo;Hjo;14.1381713;58.161357;HJO1;92;172395.52451385162
8176969856;1.0;;wind;wind_turbine;ewz Atlantic Sverige AB;;1497;Hjo;Hjo;14.1321745;58.1646758;HJO1;92;172395.52451385162
8176969857;2.0;;wind;wind_turbine;ewz Atlantic Sverige AB;;1497;Hjo;Hjo;14.1390649;58.1678502;HJO1;92;172395.52451385162
8176969858;2.0;;wind;wind_turbine;ewz Atlantic Sverige AB;;1497;Hjo;Hjo;14.1443929;58.1700268;HJO1;92;172395.52451385162
8176969859;2.0;;wind;wind_turbine;Magni Invest AB;;1497;Hjo;Hjo;14.15037;58.1689269;HJO1;92;172395.52451385162
8176969860;2.0;;wind;wind_turbine;Solakullesvind AB;;1497;Hjo;Hjo;14.1472726;58.1907198;HJO1;92;172395.52451385162
9743259698;2.0;;wind;wind_turbine;Agrivind AB;;1497;Hjo;Hjo;14.1677367;58.3040693;HJO4;94;111443.00796774424
10665801211;2.0;;wind;wind_turbine;;;1497;Hjo;Hjo;14.1438466;58.2227997;HJO1;92;172395.52451385162
9568197289;1.0;;wind;wind_turbine;;;1472;Tibro;Tibro;14.0766229;58.3963863;TIB1;95;553634.423469552
2630814159;2.0;;wind;wind_turbine;Göteborg Energi AB;Adrianna;1480;Göteborg;Goteborg;12.023061;57.7955483;GBG4;100;20099.1015410102
51038647;36.0;778.0;"gas;oil";combustion;Göteborg Energi AB;Rosenlundsverket;1480;Göteborg;Goteborg;11.954643638490776;57.70287002386306;GBG8;76;39049.067700434614
917521835;261.0;294.0;"gas;wood;oil";combustion;Göteborg Energi AB;Rya Kraftvärmeverk;1480;Göteborg;Goteborg;11.89059905304226;57.69254736427049;GBG5;20;18821.13488685865
12286698;5.0;;solar;photovoltaic;Göteborg Energi AB;Solinavium;1480;Göteborg;Goteborg;12.06582210917063;57.73637154903473;GBG11;103;25466.84153457672
14067541;5.0;;solar;photovoltaic;Göteborg Energi AB;Nya Solevi;1480;Göteborg;Goteborg;11.87121099294639;57.78562033555874;GBG7;19;20874.270431303536
5351499683;2.0;;wind;wind_turbine;Kungälv Närenergi AB;;1482;Kungälv;Kungalv;11.8712172;57.92495;KUN2;22;167678.540310707
3060051537;2.0;;wind;wind_turbine;Wallenstam Vindkraft Rålanda AB;;1485;Uddevalla;Uddevalla;11.7198087;58.3706944;MUN1;26;499450.56095465226
3060051544;2.0;;wind;wind_turbine;Wallenstam Vindkraft Rålanda AB;;1485;Uddevalla;Uddevalla;11.7277233;58.3669796;MUN1;26;499450.56095465226
4612764368;2.0;;wind;wind_turbine;Bohusvind AB;;1485;Uddevalla;Uddevalla;11.6296739;58.308948;LYS2;9;314770.00425818807
4612764369;2.0;;wind;wind_turbine;Bohusvind AB;;1485;Uddevalla;Uddevalla;11.6337685;58.3076796;LYS2;9;314770.00425818807
5460217021;2.0;;wind;wind_turbine;Gunnarby Vindkraft AB;;1485;Uddevalla;Uddevalla;11.7005164;58.3946158;MUN1;26;499450.56095465226
5460217022;2.0;;wind;wind_turbine;Gunnarby Vindkraft AB;;1485;Uddevalla;Uddevalla;11.7174527;58.386148;MUN1;26;499450.56095465226
5460217023;2.0;;wind;wind_turbine;Gunnarby Vindkraft AB;;1485;Uddevalla;Uddevalla;11.7098753;58.3884354;MUN1;26;499450.56095465226
5460215416;2.0;;wind;wind_turbine;Gunnarby Vindkraft AB;;1485;Uddevalla;Uddevalla;11.6820872;58.4048704;MUN1;26;499450.56095465226
5460215417;2.0;;wind;wind_turbine;Gunnarby Vindkraft AB;;1485;Uddevalla;Uddevalla;11.6880223;58.406612;MUN1;26;499450.56095465226
5460215418;2.0;;wind;wind_turbine;Gunnarby Vindkraft AB;;1485;Uddevalla;Uddevalla;11.6875308;58.4016061;MUN1;26;499450.56095465226
5460215419;2.0;;wind;wind_turbine;Gunnarby Vindkraft AB;;1485;Uddevalla;Uddevalla;11.6893148;58.3988584;MUN1;26;499450.56095465226
5460215420;2.0;;wind;wind_turbine;Gunnarby Vindkraft AB;;1485;Uddevalla;Uddevalla;11.6943011;58.3975898;MUN1;26;499450.56095465226
2995643977;2.0;;wind;wind_turbine;Orust Drift AB;;1421;Orust;Orust;11.644502;58.1681472;ORU1;108;231502.94551302743
2995643978;2.0;;wind;wind_turbine;Orust Drift AB;;1421;Orust;Orust;11.6408492;58.171936;ORU1;108;231502.94551302743
2995643979;2.0;;wind;wind_turbine;Orust Drift AB;;1421;Orust;Orust;11.6478565;58.1722053;ORU1;108;231502.94551302743
3477241084;2.0;;wind;wind_turbine;Tornet Vind AB;;1462;Lilla Edet;Lilla Edet;12.0732918;58.1047942;LIL1;64;366023.9910323605
3477243695;2.0;;wind;wind_turbine;Hulta Vind AB;;1462;Lilla Edet;Lilla Edet;12.0802549;58.1091719;LIL1;64;366023.9910323605
5017103432;2.0;;wind;wind_turbine;Prässeberg Vind AB;;1462;Lilla Edet;Lilla Edet;12.1679279;58.1499703;LIL1;64;366023.9910323605
5017103433;2.0;;wind;wind_turbine;Prässeberg Vind AB;;1462;Lilla Edet;Lilla Edet;12.1607804;58.148334;LIL1;64;366023.9910323605
5017103436;2.0;;wind;wind_turbine;Prässeberg Vind AB;;1462;Lilla Edet;Lilla Edet;12.1442912;58.1459041;LIL1;64;366023.9910323605
5017103437;2.0;;wind;wind_turbine;RWE Renewables Sweden AB;;1462;Lilla Edet;Lilla Edet;12.1490631;58.1504231;LIL1;64;366023.9910323605
5017103438;2.0;;wind;wind_turbine;RWE Renewables Sweden AB;;1462;Lilla Edet;Lilla Edet;12.1463471;58.1546345;LIL1;64;366023.9910323605
5017104925;2.0;;wind;wind_turbine;RWE Renewables Sweden AB;;1462;Lilla Edet;Lilla Edet;12.1588067;58.139519;LIL1;64;366023.9910323605
10572227044;3.0;;wind;wind_turbine;Rabbalshede Kraft AB;;1462;Lilla Edet;Lilla Edet;12.0285729;58.1593755;LIL1;64;366023.9910323605
10572227045;3.0;;wind;wind_turbine;Rabbalshede Kraft AB;;1462;Lilla Edet;Lilla Edet;12.0130373;58.1574024;LIL1;64;366023.9910323605
10572227046;3.0;;wind;wind_turbine;Rabbalshede Kraft AB;;1462;Lilla Edet;Lilla Edet;12.011833;58.163687;LIL1;64;366023.9910323605
125589869;210.0;;hydro;;;Lilla Edets kraftverk;1462;Lilla Edet;Lilla Edet;12.119938769556406;58.13556309593946;LIL1;64;366023.9910323605
10651782441;3.0;;wind;wind_turbine;Rabbalshede Kraft AB;;1415;Stenungsund;Stenungsund;12.0261531;58.1053033;LIL1;64;366023.9910323605
10651782442;3.0;;wind;wind_turbine;Rabbalshede Kraft AB;;1415;Stenungsund;Stenungsund;12.0064949;58.1157327;LIL1;64;366023.9910323605
10651782443;3.0;;wind;wind_turbine;Rabbalshede Kraft AB;;1415;Stenungsund;Stenungsund;12.0165502;58.1055613;LIL1;64;366023.9910323605
10651782444;2.0;;wind;wind_turbine;Enprest AB;;1415;Stenungsund;Stenungsund;11.9270291;58.128234;STE1;27;189549.01186824773
15009765;520.0;;oil;combustion;Vattenfall;Stenungsunds kraftverk;1415;Stenungsund;Stenungsund;11.84054245495331;58.08770625241616;STE1;27;189549.01186824773
3500819532;3.0;;wind;wind_turbine;Lysekils Energi Vind AB;;1484;Lysekil;Lysekil;11.4127454;58.340714;LYS2;9;314770.00425818807
3500819536;3.0;;wind;wind_turbine;Lysekils Energi Vind AB;;1484;Lysekil;Lysekil;11.4098357;58.3433257;LYS2;9;314770.00425818807
1238594901;2.0;;wind;wind_turbine;Brattön Vind AB;;1430;Munkedal;Munkedal;11.8158627;58.614498;DAL3;25;412603.51445942523
1238595186;2.0;;wind;wind_turbine;Brattön Vind AB;;1430;Munkedal;Munkedal;11.8197684;58.6198703;DAL3;25;412603.51445942523
1238595268;2.0;;wind;wind_turbine;Brattön Vind AB;;1430;Munkedal;Munkedal;11.8028063;58.6076384;DAL3;25;412603.51445942523
5418342494;2.0;;wind;wind_turbine;Dingleskogen Vind AB;;1430;Munkedal;Munkedal;11.5890208;58.5441746;MUN1;26;499450.56095465226
5418342500;2.0;;wind;wind_turbine;Dingleskogen Vind AB;;1430;Munkedal;Munkedal;11.5903741;58.5390961;MUN1;26;499450.56095465226
5418342501;2.0;;wind;wind_turbine;Dingleskogen Vind AB;;1430;Munkedal;Munkedal;11.6046769;58.5429469;MUN1;26;499450.56095465226
5418342502;2.0;;wind;wind_turbine;Dingleskogen Vind AB;;1430;Munkedal;Munkedal;11.6218761;58.5427517;MUN1;26;499450.56095465226
5418342503;2.0;;wind;wind_turbine;Dingleskogen Vind AB;;1430;Munkedal;Munkedal;11.5969115;58.5409498;MUN1;26;499450.56095465226
5418342504;2.0;;wind;wind_turbine;Dingleskogen Vind AB;;1430;Munkedal;Munkedal;11.6075656;58.5392642;MUN1;26;499450.56095465226
5418455186;2.0;;wind;wind_turbine;;;1430;Munkedal;Munkedal;11.488937;58.5368574;TAN3;7;314866.11010487855
5418455187;2.0;;wind;wind_turbine;Platina;;1430;Munkedal;Munkedal;11.4735369;58.5361348;TAN3;7;314866.11010487855
5418455188;2.0;;wind;wind_turbine;Platina;;1430;Munkedal;Munkedal;11.4815769;58.5361318;TAN3;7;314866.11010487855
5418455189;2.0;;wind;wind_turbine;Platina;;1430;Munkedal;Munkedal;11.4948636;58.5339066;TAN3;7;314866.11010487855
5418455190;2.0;;wind;wind_turbine;Platina;;1430;Munkedal;Munkedal;11.4996973;58.5414231;TAN3;7;314866.11010487855
5418455191;2.0;;wind;wind_turbine;Platina;;1430;Munkedal;Munkedal;11.4978638;58.5376021;TAN3;7;314866.11010487855
5449335490;2.0;;wind;wind_turbine;Wallenstam Energi AB;;1430;Munkedal;Munkedal;11.7371048;58.5254987;MUN1;26;499450.56095465226
5449335499;2.0;;wind;wind_turbine;Wallenstam Energi AB;;1430;Munkedal;Munkedal;11.7332714;58.5207349;MUN1;26;499450.56095465226
5449335500;2.0;;wind;wind_turbine;Wallenstam Energi AB;;1430;Munkedal;Munkedal;11.7382157;58.517355;MUN1;26;499450.56095465226
10649942906;2.0;;wind;wind_turbine;Rabbalshede Kraft AB;;1430;Munkedal;Munkedal;11.5003025;58.5628953;TAN3;7;314866.11010487855
10649942907;2.0;;wind;wind_turbine;Dingleskogen Vind AB;;1430;Munkedal;Munkedal;11.5144187;58.5673385;TAN3;7;314866.11010487855
10649942908;2.0;;wind;wind_turbine;Dingleskogen Vind AB;;1430;Munkedal;Munkedal;11.506374;58.5654287;TAN3;7;314866.11010487855
10649973690;2.0;;wind;wind_turbine;Brattön Vind AB;;1430;Munkedal;Munkedal;11.8053138;58.6151529;DAL3;25;412603.51445942523
10649973691;2.0;;wind;wind_turbine;Brattön Vind AB;;1430;Munkedal;Munkedal;11.8067952;58.6115677;DAL3;25;412603.51445942523
10649973692;2.0;;wind;wind_turbine;Brattön Vind AB;;1430;Munkedal;Munkedal;11.796885;58.6140802;DAL3;25;412603.51445942523
3640405714;2.0;;wind;wind_turbine;Rabbalshede Kraft AB;Einar;1435;Tanum;Tanum;11.4463056;58.6493557;TAN3;7;314866.11010487855
3640405715;2.0;;wind;wind_turbine;Rabbalshede Kraft AB;Fritz Georg;1435;Tanum;Tanum;11.4480232;58.6530074;TAN3;7;314866.11010487855
5437957666;3.0;;wind;wind_turbine;Skaveröd Gurseröd Vind AB;;1435;Tanum;Tanum;11.4467484;58.7631167;TAN4;8;129457.81418359751
5437957669;3.0;;wind;wind_turbine;Skaveröd Gurseröd Vind AB;;1435;Tanum;Tanum;11.448383;58.7674405;TAN4;8;129457.81418359751
5437957672;3.0;;wind;wind_turbine;Skaveröd Gurseröd Vind AB;;1435;Tanum;Tanum;11.4363141;58.7646443;TAN4;8;129457.81418359751
5437957673;3.0;;wind;wind_turbine;Skaveröd Gurseröd Vind AB;;1435;Tanum;Tanum;11.438027;58.7602457;TAN4;8;129457.81418359751
5437960081;3.0;;wind;wind_turbine;Skaveröd Gurseröd Vind AB;;1435;Tanum;Tanum;11.4353597;58.7690584;TAN1;14;64943.07567310402
5437960082;3.0;;wind;wind_turbine;Skaveröd Gurseröd Vind AB;;1435;Tanum;Tanum;11.442044;58.7705376;TAN1;14;64943.07567310402
5437960188;3.0;;wind;wind_turbine;Skaveröd Gurseröd Vind AB;;1435;Tanum;Tanum;11.4306007;58.7727183;TAN1;14;64943.07567310402
8909439264;3.0;;wind;wind_turbine;;Naverstads-Tyft Edsäm;1435;Tanum;Tanum;11.4463592;58.7455601;TAN4;8;129457.81418359751
11148984517;6.0;;wind;wind_turbine;Tormoseröd Vindpark AB;;1435;Tanum;Tanum;11.4533396;58.8519649;STR1;12;156325.20068278819
11148984518;6.0;;wind;wind_turbine;Tormoseröd Vindpark AB;;1435;Tanum;Tanum;11.4613665;58.8577853;STR1;12;156325.20068278819
11148984519;6.0;;wind;wind_turbine;Tormoseröd Vindpark AB;;1435;Tanum;Tanum;11.4424038;58.851529;STR1;12;156325.20068278819
11148984520;6.0;;wind;wind_turbine;Tormoseröd Vindpark AB;;1435;Tanum;Tanum;11.427614;58.855498;STR1;12;156325.20068278819
11148984521;6.0;;wind;wind_turbine;Tormoseröd Vindpark AB;;1435;Tanum;Tanum;11.4434322;58.8585777;STR1;12;156325.20068278819
11148984522;6.0;;wind;wind_turbine;Tormoseröd Vindpark AB;;1435;Tanum;Tanum;11.4637306;58.8628389;STR1;12;156325.20068278819
11148984523;6.0;;wind;wind_turbine;Tormoseröd Vindpark AB;;1435;Tanum;Tanum;11.4547114;58.8643263;STR1;12;156325.20068278819
11148984524;6.0;;wind;wind_turbine;Tormoseröd Vindpark AB;;1435;Tanum;Tanum;11.4423539;58.8651907;STR1;12;156325.20068278819
11148984525;6.0;;wind;wind_turbine;Tormoseröd Vindpark AB;;1435;Tanum;Tanum;11.4344409;58.8611431;STR1;12;156325.20068278819
11148984526;6.0;;wind;wind_turbine;Tormoseröd Vindpark AB;;1435;Tanum;Tanum;11.4227903;58.8602094;STR1;12;156325.20068278819
3640405713;2.0;;wind;wind_turbine;Rabbalshede Kraft AB;Alf;1435;Tanum;Tanum;11.4203669;58.669396;TAN4;8;129457.81418359751
3640405716;2.0;;wind;wind_turbine;Rabbalshede Kraft AB;Fröken Magnusson;1435;Tanum;Tanum;11.4400865;58.6517231;TAN3;7;314866.11010487855
3640405717;2.0;;wind;wind_turbine;Rabbalshede Kraft AB;Greta;1435;Tanum;Tanum;11.4276423;58.6637497;TAN4;8;129457.81418359751
3640405718;2.0;;wind;wind_turbine;Rabbalshede Kraft AB;Karl;1435;Tanum;Tanum;11.4357826;58.655213;TAN3;7;314866.11010487855
5401166043;1.0;;wind;wind_turbine;Mungseröds Vindpark AB;;1435;Tanum;Tanum;11.3783129;58.7712756;TAN1;14;64943.07567310402
5401166044;1.0;;wind;wind_turbine;Mungseröds Vindpark AB;;1435;Tanum;Tanum;11.3770495;58.7746532;TAN1;14;64943.07567310402
5401166045;1.0;;wind;wind_turbine;Mungseröds Vindpark AB;;1435;Tanum;Tanum;11.3808838;58.7771845;TAN1;14;64943.07567310402
5401166046;1.0;;wind;wind_turbine;Mungseröds Vindpark AB;;1435;Tanum;Tanum;11.386916;58.7796773;TAN1;14;64943.07567310402
5401166053;1.0;;wind;wind_turbine;Mungseröds Vindpark AB;;1435;Tanum;Tanum;11.3847652;58.7742846;TAN1;14;64943.07567310402
5401166148;1.0;;wind;wind_turbine;Mungseröds Vindpark AB;;1435;Tanum;Tanum;11.3899474;58.7770678;TAN1;14;64943.07567310402
5437957675;3.0;;wind;wind_turbine;Skaveröd Gurseröd Vind AB;;1435;Tanum;Tanum;11.4307085;58.7582327;TAN4;8;129457.81418359751
5437960181;3.0;;wind;wind_turbine;Skaveröd Gurseröd Vind AB;;1435;Tanum;Tanum;11.4135871;58.7618651;TAN1;14;64943.07567310402
5437960186;3.0;;wind;wind_turbine;Skaveröd Gurseröd Vind AB;;1435;Tanum;Tanum;11.4200439;58.7644231;TAN1;14;64943.07567310402
5437960187;3.0;;wind;wind_turbine;Skaveröd Gurseröd Vind AB;;1435;Tanum;Tanum;11.4235705;58.7692052;TAN1;14;64943.07567310402
5437960202;2.0;;wind;wind_turbine;ewz Atlantic Sverige AB;;1435;Tanum;Tanum;11.3948475;58.7753699;TAN1;14;64943.07567310402
5437960203;2.0;;wind;wind_turbine;ewz Atlantic Sverige AB;;1435;Tanum;Tanum;11.4024592;58.7766187;TAN1;14;64943.07567310402
5437960204;2.0;;wind;wind_turbine;;;1435;Tanum;Tanum;11.4108334;58.7753675;TAN1;14;64943.07567310402
5437960205;2.0;;wind;wind_turbine;;;1435;Tanum;Tanum;11.4053326;58.7719186;TAN1;14;64943.07567310402
5437960209;2.0;;wind;wind_turbine;;;1435;Tanum;Tanum;11.4016137;58.7684229;TAN1;14;64943.07567310402
5437960210;2.0;;wind;wind_turbine;;;1435;Tanum;Tanum;11.3884771;58.7707312;TAN1;14;64943.07567310402
5437961336;2.0;;wind;wind_turbine;ewz Atlantic Sverige AB;;1435;Tanum;Tanum;11.3957036;58.779786;TAN1;14;64943.07567310402
5437961337;2.0;;wind;wind_turbine;ewz Atlantic Sverige AB;;1435;Tanum;Tanum;11.3922942;58.7832474;TAN1;14;64943.07567310402
9139644097;3.0;;wind;wind_turbine;Tanum Vindkraft AB;;1435;Tanum;Tanum;11.4068619;58.7655869;TAN1;14;64943.07567310402
9139644098;3.0;;wind;wind_turbine;Tanum Vindkraft AB;;1435;Tanum;Tanum;11.4115532;58.7686627;TAN1;14;64943.07567310402
9139644099;3.0;;wind;wind_turbine;Tanum Vindkraft AB;;1435;Tanum;Tanum;11.4166703;58.7716876;TAN1;14;64943.07567310402
9139644100;3.0;;wind;wind_turbine;Tanum Vindkraft AB;;1435;Tanum;Tanum;11.418932;58.7745733;TAN1;14;64943.07567310402
3208869019;2.0;;wind;wind_turbine;Kil Vind AB;;1435;Tanum;Tanum;11.2749256;58.8265735;STR3;11;111681.93056928158
3208869029;2.0;;wind;wind_turbine;Kil Vind AB;;1435;Tanum;Tanum;11.2783016;58.8234852;STR3;11;111681.93056928158
3208869036;2.0;;wind;wind_turbine;Kil Vind AB;;1435;Tanum;Tanum;11.2734247;58.820753;STR3;11;111681.93056928158
3208869089;2.0;;wind;wind_turbine;Kil Vind AB;;1435;Tanum;Tanum;11.2795134;58.8189936;STR3;11;111681.93056928158
5465319186;2.0;;wind;wind_turbine;Neanberg Vind AB;;1435;Tanum;Tanum;11.2827102;58.858987;STR3;11;111681.93056928158
11148984527;6.0;;wind;wind_turbine;Tormoseröd Vindpark AB;;1435;Tanum;Tanum;11.4118049;58.8607314;STR1;12;156325.20068278819
11148984528;6.0;;wind;wind_turbine;Rabbalshede Kraft AB;;1435;Tanum;Tanum;11.3281934;58.8404712;STR3;11;111681.93056928158
11148984529;6.0;;wind;wind_turbine;Rabbalshede Kraft AB;;1435;Tanum;Tanum;11.3379451;58.8427722;STR3;11;111681.93056928158
11148984530;6.0;;wind;wind_turbine;Rabbalshede Kraft AB;;1435;Tanum;Tanum;11.3344041;58.8467349;STR3;11;111681.93056928158
1362842788;2.0;;wind;wind_turbine;Göteborg Energi AB;15;1438;Dals-Ed;Dals-Ed;11.8348034;58.8420587;DAL1;5;273910.76975862385
1362842789;2.0;;wind;wind_turbine;Göteborg Energi AB;16;1438;Dals-Ed;Dals-Ed;11.8429707;58.8399127;DAL1;5;273910.76975862385
1362842790;2.0;;wind;wind_turbine;Göteborg Energi AB;17;1438;Dals-Ed;Dals-Ed;11.8578082;58.8412904;DAL1;5;273910.76975862385
1362842791;2.0;;wind;wind_turbine;Göteborg Energi AB;18;1438;Dals-Ed;Dals-Ed;11.8661796;58.8432581;DAL1;5;273910.76975862385
1378015824;2.0;;wind;wind_turbine;Töftedals vind AB;11;1438;Dals-Ed;Dals-Ed;11.8253253;58.8485749;DAL1;5;273910.76975862385
1378015826;2.0;;wind;wind_turbine;Göteborg Energi AB;13;1438;Dals-Ed;Dals-Ed;11.8233098;58.844454;DAL1;5;273910.76975862385
1835173944;2.0;;wind;wind_turbine;Töftedals vind AB;12;1438;Dals-Ed;Dals-Ed;11.8159117;58.847597;DAL1;5;273910.76975862385
1835173946;2.0;;wind;wind_turbine;;24;1438;Dals-Ed;Dals-Ed;11.7978721;58.8753942;DAL1;5;273910.76975862385
1836976161;2.0;;wind;wind_turbine;Töftedals vind AB;10;1438;Dals-Ed;Dals-Ed;11.8199346;58.8515697;DAL1;5;273910.76975862385
1836976162;2.0;;wind;wind_turbine;Göteborg Energi AB;19;1438;Dals-Ed;Dals-Ed;11.8423625;58.8509099;DAL1;5;273910.76975862385
1836976163;2.0;;wind;wind_turbine;Göteborg Energi AB;20;1438;Dals-Ed;Dals-Ed;11.850713;58.8487111;DAL1;5;273910.76975862385
1836976166;2.0;;wind;wind_turbine;Göteborg Energi AB;21;1438;Dals-Ed;Dals-Ed;11.8518475;58.8555695;DAL1;5;273910.76975862385
1836976169;2.0;;wind;wind_turbine;Västanvind Vindkraftskooperativ Ek För;22;1438;Dals-Ed;Dals-Ed;11.8600806;58.853721;DAL1;5;273910.76975862385
1836976173;2.0;;wind;wind_turbine;Göteborg Energi AB;23;1438;Dals-Ed;Dals-Ed;11.8620631;58.8498328;DAL1;5;273910.76975862385
1836976176;2.0;;wind;wind_turbine;Töftedals vind AB;7;1438;Dals-Ed;Dals-Ed;11.8293929;58.855903;DAL1;5;273910.76975862385
1844463647;2.0;;wind;wind_turbine;Töftedals vind AB;1;1438;Dals-Ed;Dals-Ed;11.8106561;58.8743663;DAL1;5;273910.76975862385
1844463649;2.0;;wind;wind_turbine;Töftedals vind AB;3;1438;Dals-Ed;Dals-Ed;11.8180139;58.86529;DAL1;5;273910.76975862385
1844463659;2.0;;wind;wind_turbine;Töftedals vind AB;5;1438;Dals-Ed;Dals-Ed;11.8292448;58.8608125;DAL1;5;273910.76975862385
1844569617;2.0;;wind;wind_turbine;Töftedals vind AB;2;1438;Dals-Ed;Dals-Ed;11.8194224;58.8709342;DAL1;5;273910.76975862385
1844569620;2.0;;wind;wind_turbine;Töftedals vind AB;4;1438;Dals-Ed;Dals-Ed;11.8315488;58.8649138;DAL1;5;273910.76975862385
1844569625;2.0;;wind;wind_turbine;Töftedals vind AB;6;1438;Dals-Ed;Dals-Ed;11.8209074;58.8596822;DAL1;5;273910.76975862385
3124107825;2.0;;wind;wind_turbine;Tolvmanstegen Drift AB;;1486;Strömstad;Stromstad;11.4227098;58.8799839;STR1;12;156325.20068278819
3124107842;2.0;;wind;wind_turbine;Tolvmanstegen Drift AB;;1486;Strömstad;Stromstad;11.4189871;58.884738;STR1;12;156325.20068278819
3124107844;2.0;;wind;wind_turbine;Tolvmanstegen Drift AB;;1486;Strömstad;Stromstad;11.425076;58.8877006;STR1;12;156325.20068278819
3124107848;2.0;;wind;wind_turbine;Tolvmanstegen Drift AB;;1486;Strömstad;Stromstad;11.4211752;58.8903485;STR1;12;156325.20068278819
3124107853;2.0;;wind;wind_turbine;Tolvmanstegen Drift AB;;1486;Strömstad;Stromstad;11.4230323;58.895237;STR1;12;156325.20068278819
3124107856;2.0;;wind;wind_turbine;Tolvmanstegen Drift AB;;1486;Strömstad;Stromstad;11.4177577;58.8989188;STR1;12;156325.20068278819
3124107858;2.0;;wind;wind_turbine;Tolvmanstegen Drift AB;;1486;Strömstad;Stromstad;11.4261309;58.9014667;STR1;12;156325.20068278819
3124107859;2.0;;wind;wind_turbine;Tolvmanstegen Drift AB;;1486;Strömstad;Stromstad;11.419463;58.902634;STR1;12;156325.20068278819
3124107860;2.0;;wind;wind_turbine;Tolvmanstegen Drift AB;;1486;Strömstad;Stromstad;11.4299681;58.9060244;STR1;12;156325.20068278819
3124107861;2.0;;wind;wind_turbine;Tolvmanstegen Drift AB;;1486;Strömstad;Stromstad;11.423405;58.9067896;STR1;12;156325.20068278819
3124107827;2.0;;wind;wind_turbine;Tolvmanstegen Drift AB;;1486;Strömstad;Stromstad;11.4139929;58.8800778;STR1;12;156325.20068278819
3124107840;2.0;;wind;wind_turbine;Tolvmanstegen Drift AB;;1486;Strömstad;Stromstad;11.4101984;58.8840135;STR1;12;156325.20068278819
3124107843;2.0;;wind;wind_turbine;Tolvmanstegen Drift AB;;1486;Strömstad;Stromstad;11.4050257;58.8867887;STR1;12;156325.20068278819
3124107845;2.0;;wind;wind_turbine;Tolvmanstegen Drift AB;;1486;Strömstad;Stromstad;11.4151169;58.887688;STR1;12;156325.20068278819
3124107846;2.0;;wind;wind_turbine;Tolvmanstegen Drift AB;;1486;Strömstad;Stromstad;11.3964273;58.8882091;STR1;12;156325.20068278819
3124107849;2.0;;wind;wind_turbine;Tolvmanstegen Drift AB;;1486;Strömstad;Stromstad;11.4080757;58.8911508;STR1;12;156325.20068278819
3124107850;2.0;;wind;wind_turbine;Tolvmanstegen Drift AB;;1486;Strömstad;Stromstad;11.4157028;58.8914737;STR1;12;156325.20068278819
3124107851;2.0;;wind;wind_turbine;Tolvmanstegen Drift AB;;1486;Strömstad;Stromstad;11.3992889;58.8938192;STR1;12;156325.20068278819
3124107852;2.0;;wind;wind_turbine;Tolvmanstegen Drift AB;;1486;Strömstad;Stromstad;11.4156491;58.8947035;STR1;12;156325.20068278819
3124107854;2.0;;wind;wind_turbine;Tolvmanstegen Drift AB;;1486;Strömstad;Stromstad;11.4110934;58.8967397;STR1;12;156325.20068278819
3124107855;2.0;;wind;wind_turbine;Tolvmanstegen Drift AB;;1486;Strömstad;Stromstad;11.4034811;58.897406;STR1;12;156325.20068278819
3124107857;2.0;;wind;wind_turbine;Tolvmanstegen Drift AB;;1486;Strömstad;Stromstad;11.4094804;58.901043;STR1;12;156325.20068278819
5465319187;2.0;;wind;wind_turbine;Neanberg Vind AB;;1486;Strömstad;Stromstad;11.2808556;58.8618873;STR3;11;111681.93056928158
5465319188;2.0;;wind;wind_turbine;Neanberg Vind AB;;1486;Strömstad;Stromstad;11.2780877;58.8660458;STR3;11;111681.93056928158
11148941393;6.0;;wind;wind_turbine;Rabbalshede Kraft AB;;1486;Strömstad;Stromstad;11.2638331;58.8928144;STR3;11;111681.93056928158
11148941394;6.0;;wind;wind_turbine;Rabbalshede Kraft AB;;1486;Strömstad;Stromstad;11.2635853;58.8880336;STR3;11;111681.93056928158
11148941395;6.0;;wind;wind_turbine;Rabbalshede Kraft AB;;1486;Strömstad;Stromstad;11.2654938;58.8816163;STR3;11;111681.93056928158
11148941396;6.0;;wind;wind_turbine;Rabbalshede Kraft AB;;1486;Strömstad;Stromstad;11.2567927;58.8947949;STR2;13;326294.4980745295
11148941397;6.0;;wind;wind_turbine;Rabbalshede Kraft AB;;1486;Strömstad;Stromstad;11.2559109;58.8891418;STR3;11;111681.93056928158
11148941398;6.0;;wind;wind_turbine;Rabbalshede Kraft AB;;1486;Strömstad;Stromstad;11.2594968;58.8842474;STR3;11;111681.93056928158
11148941399;6.0;;wind;wind_turbine;Rabbalshede Kraft AB;;1486;Strömstad;Stromstad;11.2658853;58.896973;STR2;13;326294.4980745295
11148941400;3.0;;wind;wind_turbine;Rabbalshede Kraft AB;;1486;Strömstad;Stromstad;11.3136017;58.9046457;STR3;11;111681.93056928158
11148941401;3.0;;wind;wind_turbine;Rabbalshede Kraft AB;;1486;Strömstad;Stromstad;11.3092139;58.908314;STR3;11;111681.93056928158
1124773546;2.0;;hydro;;;Axelfors vattenkraftverk;1465;Svenljunga;Svenljunga;13.098478882186674;57.44031716997198;SVE1;2;669819.9980943106
15084522;11.0;;hydro;water-storage;;Skåpanäs kraftstation;1465;Svenljunga;Svenljunga;12.967608317763299;57.18923052590185;SVE1;2;669819.9980943106
1132546504;3.0;;hydro;run-of-the-river;Lerum Energy;Hedefors kraftverk;1441;Lerum;Lerum;12.29859237897332;57.7809976903753;LER1;59;150069.3477168383
